name,metric
circle.json,3.0186790754222623
ellipse.json,3.0186790756728326
rotated_rectangle.json,3.0186790754224413
triangle.json,3.0186790754222623
